{
  "corpus_version": "full.2026-05-11",
  "engine_version": "3.0.0-dev",
  "macro_f1": 0.2095,
  "per_niche_f1": {
    "beauty": 0.2151,
    "fitness": 0,
    "edu": 0,
    "comedy": 0,
    "lifestyle": 0
  },
  "ece": 0.5407,
  "per_class_metrics": {
    "viral": {
      "precision": 0.4583,
      "recall": 1,
      "f1": 0.6286,
      "support": 11
    },
    "average": {
      "precision": 0,
      "recall": 0,
      "f1": 0,
      "support": 11
    },
    "under": {
      "precision": 0,
      "recall": 0,
      "f1": 0,
      "support": 2
    }
  },
  "signal_contribution": {
    "behavioral": -0.0056,
    "gemini": 0.1817,
    "ml": 0.0903,
    "rules": 0.1817,
    "trends": 0.0903
  },
  "spearman_within_niche": {
    "beauty": 0,
    "fitness": 0,
    "edu": 0,
    "comedy": 0,
    "lifestyle": 0
  },
  "mae_engagement_rate": 0.053136,
  "cost_cents_avg": 0.0537,
  "cost_cents_total": 1.3417,
  "latency_p50": 33882,
  "latency_p95": 73255,
  "latency_p99": 83865,
  "stage_timings": {
    "validate": {
      "p50_ms": 0,
      "p95_ms": 0,
      "p99_ms": 1.5399999999999991,
      "count": 24
    },
    "normalize": {
      "p50_ms": 0,
      "p95_ms": 0,
      "p99_ms": 0,
      "count": 24
    },
    "pre_creator_context": {
      "p50_ms": 93,
      "p95_ms": 312.8999999999998,
      "p99_ms": 327.77,
      "count": 24
    },
    "creator_context": {
      "p50_ms": 0,
      "p95_ms": 0,
      "p99_ms": 1.5399999999999991,
      "count": 24
    },
    "rule_scoring": {
      "p50_ms": 0,
      "p95_ms": 1,
      "p99_ms": 111.87999999999994,
      "count": 24
    },
    "gemini_analysis": {
      "p50_ms": 11223,
      "p95_ms": 14172.35,
      "p99_ms": 14647.15,
      "count": 24
    },
    "audio_fingerprint": {
      "p50_ms": 11221.5,
      "p95_ms": 14172.35,
      "p99_ms": 14647.15,
      "count": 24
    },
    "wave_1": {
      "p50_ms": 11221,
      "p95_ms": 14172.35,
      "p99_ms": 14647.15,
      "count": 24
    },
    "trend_enrichment": {
      "p50_ms": 0.5,
      "p95_ms": 191.39999999999952,
      "p99_ms": 231.16,
      "count": 24
    },
    "deepseek_reasoning": {
      "p50_ms": 0,
      "p95_ms": 18686.1,
      "p99_ms": 24481.739999999998,
      "count": 24
    },
    "wave_2": {
      "p50_ms": 0,
      "p95_ms": 18686.1,
      "p99_ms": 24480.969999999998,
      "count": 24
    }
  },
  "drift_metrics": {},
  "failure_cases": [
    {
      "corpus_row_id": "a092b4cf-ea5a-42ff-8668-440c059d42ff",
      "niche": "lifestyle",
      "actual_bucket": "under",
      "predicted_bucket": "viral",
      "predicted_score": 99.95,
      "severity": 2,
      "top_warnings": [
        "Persona tough_crowd/fyp failed: 401 Authentication Fails, Your api key: ****back is invalid",
        "Persona lurker/fyp failed: 401 Authentication Fails, Your api key: ****back is invalid",
        "Persona high_engager/fyp failed: 401 Authentication Fails, Your api key: ****back is invalid"
      ]
    },
    {
      "corpus_row_id": "c53a9292-1fef-4fe3-a20e-1e245101d011",
      "niche": "comedy",
      "actual_bucket": "under",
      "predicted_bucket": "viral",
      "predicted_score": 99.93,
      "severity": 2,
      "top_warnings": [
        "wave_3_circuit_breaker_open"
      ]
    },
    {
      "corpus_row_id": "50fba44d-25dc-45dc-ad20-b8fc30ec6b75",
      "niche": "beauty",
      "actual_bucket": "average",
      "predicted_bucket": "viral",
      "predicted_score": 99.97,
      "severity": 1,
      "top_warnings": [
        "wave_3_circuit_breaker_open"
      ]
    },
    {
      "corpus_row_id": "f99c7268-83c2-436e-bf4f-458455cf0f73",
      "niche": "beauty",
      "actual_bucket": "average",
      "predicted_bucket": "viral",
      "predicted_score": 99.95,
      "severity": 1,
      "top_warnings": [
        "wave_3_circuit_breaker_open"
      ]
    },
    {
      "corpus_row_id": "f6a0d00d-c944-48fd-ae5e-4f2e350a5100",
      "niche": "beauty",
      "actual_bucket": "average",
      "predicted_bucket": "viral",
      "predicted_score": 99.95,
      "severity": 1,
      "top_warnings": [
        "wave_3_circuit_breaker_open"
      ]
    },
    {
      "corpus_row_id": "17b7c083-ed94-436f-b91a-b4b9f0f12605",
      "niche": "beauty",
      "actual_bucket": "average",
      "predicted_bucket": "viral",
      "predicted_score": 99.95,
      "severity": 1,
      "top_warnings": [
        "wave_3_circuit_breaker_open"
      ]
    },
    {
      "corpus_row_id": "4780a27a-a8f6-44a5-ad1b-dd7c21d24720",
      "niche": "beauty",
      "actual_bucket": "average",
      "predicted_bucket": "viral",
      "predicted_score": 99.95,
      "severity": 1,
      "top_warnings": [
        "wave_3_circuit_breaker_open"
      ]
    },
    {
      "corpus_row_id": "15acf5c2-152e-4d5d-9da1-356323be9a69",
      "niche": "beauty",
      "actual_bucket": "average",
      "predicted_bucket": "viral",
      "predicted_score": 99.94,
      "severity": 1,
      "top_warnings": [
        "wave_3_circuit_breaker_open"
      ]
    },
    {
      "corpus_row_id": "788b3db6-6b3d-4b53-9853-b6342738ecf9",
      "niche": "beauty",
      "actual_bucket": "average",
      "predicted_bucket": "viral",
      "predicted_score": 99.93,
      "severity": 1,
      "top_warnings": [
        "wave_3_circuit_breaker_open"
      ]
    },
    {
      "corpus_row_id": "1fb2d8a2-6109-427e-a6f1-f7062b37d2ab",
      "niche": "beauty",
      "actual_bucket": "average",
      "predicted_bucket": "viral",
      "predicted_score": 99.92,
      "severity": 1,
      "top_warnings": [
        "wave_3_circuit_breaker_open"
      ]
    }
  ],
  "viral_recall": 1,
  "under_precision": 0,
  "rows_processed": 25,
  "rows_failed": 1,
  "run_at": "2026-05-21T12:22:55.109Z"
}